,imdb id,movie_num
0,tt2302755,1
1,tt3300542,2
2,tt6189022,3
3,tt0289043,1
4,tt0463854,2
5,tt0416449,1
6,tt1253863,2
7,tt2932536,1
8,tt7329656,2
9,tt0083511,1
10,tt0099044,2
11,tt1753383,1
12,tt8385474,2
13,tt2243537,1
14,tt2828996,2
15,tt0109040,1
16,tt0112281,2
17,tt0101272,1
18,tt0106220,2
19,tt0313911,1
20,tt0358349,2
21,tt0080339,1
22,tt0083530,2
23,tt0119468,1
24,tt0164334,2
25,tt1712170,3
26,tt1014759,1
27,tt2567026,2
28,tt0078748,1
29,tt0090605,2
30,tt0103644,3
31,tt0118583,4
32,tt0315327,1
33,tt0413099,2
34,tt0952640,1
35,tt1231580,2
36,tt1615918,3
37,tt2974918,4
38,tt0163651,1
39,tt0252866,2
40,tt0328828,3
41,tt1605630,4
42,tt0082010,1
43,tt0118604,2
44,tt0122933,1
45,tt0289848,2
46,tt0357413,1
47,tt1229340,2
48,tt3322940,1
49,tt5140878,2
50,tt8350360,3
51,tt0478970,1
52,tt5095030,2
53,tt0480239,1
54,tt1985017,2
55,tt2800038,3
56,tt0118655,1
57,tt0145660,2
58,tt0295178,3
59,tt0112431,1
60,tt0120595,2
61,tt0088763,1
62,tt0096874,2
63,tt0099088,3
64,tt0112442,1
65,tt0172156,2
66,tt4651520,1
67,tt6359956,2
68,tt0307987,1
69,tt1798603,2
70,tt0096895,1
71,tt0103776,2
72,tt0112462,3
73,tt0118688,4
74,tt0083630,1
75,tt0101412,2
76,tt0112471,1
77,tt0381681,2
78,tt2209418,3
79,tt1412386,1
80,tt2555736,2
81,tt0086960,1
82,tt0092644,2
83,tt0109254,3
84,tt0421729,1
85,tt1464174,2
86,tt0096928,1
87,tt0101452,2
88,tt0120611,1
89,tt0187738,2
90,tt0359013,3
91,tt0243155,1
92,tt0317198,2
93,tt1473832,3
94,tt0114478,1
95,tt0112541,2
96,tt0080487,1
97,tt0094824,2
98,tt0082136,1
99,tt0087032,2
100,tt0098369,3
101,tt0458339,1
102,tt1843866,2
103,tt3498820,3
104,tt0317219,1
105,tt1216475,2
106,tt3606752,3
107,tt0239395,1
108,tt1287468,2
109,tt0349205,1
110,tt0452598,2
111,tt0113161,1
112,tt0377471,2
113,tt0101587,1
114,tt0109439,2
115,tt0800320,1
116,tt1646987,2
117,tt0418689,1
118,tt0498380,2
119,tt0844471,1
120,tt1985966,2
121,tt0088933,1
122,tt0094890,2
123,tt0479884,1
124,tt1121931,2
125,tt3076658,1
126,tt6343314,2
127,tt0083767,1
128,tt0092796,2
129,tt1528854,1
130,tt5657846,2
131,tt1431045,1
132,tt5463162,2
133,tt0071402,1
134,tt0082250,2
135,tt0089003,3
136,tt0092857,4
137,tt0109578,5
138,tt1323594,1
139,tt1690953,2
140,tt3469046,3
141,tt0205000,1
142,tt0367652,2
143,tt1196141,1
144,tt1650043,2
145,tt2023453,3
146,tt6003368,4
147,tt0095016,1
148,tt0099423,2
149,tt0112864,3
150,tt0337978,4
151,tt1606378,5
152,tt0092890,1
153,tt0338096,2
154,tt1840309,1
155,tt2908446,2
156,tt3410834,3
157,tt1564349,1
158,tt2978462,2
159,tt0118998,1
160,tt0240462,2
161,tt0109686,1
162,tt0329028,2
163,tt2096672,3
164,tt0127536,1
165,tt0414055,2
166,tt0082340,1
167,tt0116225,2
168,tt0083907,1
169,tt0092991,2
170,tt0106308,3
171,tt0089118,1
172,tt0101846,2
173,tt3183660,1
174,tt4123430,2
175,tt0120667,1
176,tt0486576,2
177,tt0309593,1
178,tt0414982,2
179,tt1144884,3
180,tt1622979,4
181,tt0266543,1
182,tt2277860,2
183,tt0089155,1
184,tt0097366,2
185,tt0067116,1
186,tt0073018,2
187,tt0113118,1
188,tt0293815,2
189,tt0089175,1
190,tt0097390,2
191,tt1046173,1
192,tt1583421,2
193,tt0356634,1
194,tt0455499,2
195,tt0259324,1
196,tt1071875,2
197,tt0087332,1
198,tt0097428,2
199,tt0377981,1
200,tt2296777,2
201,tt0831387,1
202,tt3731562,2
203,tt3741700,3
204,tt1051904,1
205,tt5664636,2
206,tt0077631,1
207,tt0084021,2
208,tt1375670,1
209,tt2191701,2
210,tt2015381,1
211,tt3896198,2
212,tt0373883,1
213,tt1311067,2
214,tt0366548,1
215,tt1402488,2
216,tt0091203,1
217,tt0102034,2
218,tt0110027,3
219,tt0465494,1
220,tt2679042,2
221,tt0099785,1
222,tt0104431,2
223,tt0119303,3
224,tt0097523,1
225,tt0104437,2
226,tt1499658,1
227,tt2170439,2
228,tt0450278,1
229,tt0498353,2
230,tt0102059,1
231,tt0107144,2
232,tt1231587,1
233,tt2637294,2
234,tt0837562,1
235,tt2510894,2
236,tt5220122,3
237,tt2386490,1
238,tt0892769,2
239,tt1646971,3
240,tt0119345,1
241,tt0130018,2
242,tt0268380,1
243,tt0438097,2
244,tt1080016,3
245,tt1667889,4
246,tt3416828,5
247,tt0116629,1
248,tt1628841,2
249,tt0082971,1
250,tt0087469,2
251,tt0097576,3
252,tt0367882,4
253,tt1591095,1
254,tt2226417,2
255,tt3195644,3
256,tt5726086,4
257,tt1396484,1
258,tt7349950,2
259,tt0790724,1
260,tt3393786,2
261,tt2911666,1
262,tt4425200,2
263,tt6146586,3
264,tt0274166,1
265,tt1634122,2
266,tt6921996,3
267,tt0373051,1
268,tt1397514,2
269,tt0113497,1
270,tt2283362,2
271,tt1232829,1
272,tt2294449,2
273,tt0107290,1
274,tt0119567,2
275,tt0163025,3
276,tt0369610,4
277,tt4881806,5
278,tt1250777,1
279,tt1650554,2
280,tt0266697,1
281,tt0378194,2
282,tt0074751,1
283,tt0091344,2
284,tt0441773,1
285,tt1302011,2
286,tt2267968,3
287,tt0250494,1
288,tt0333780,2
289,tt0093409,1
290,tt0097733,2
291,tt0104714,3
292,tt0122151,4
293,tt0985694,1
294,tt2002718,2
295,tt0079501,1
296,tt0082694,2
297,tt0089530,3
298,tt1392190,4
299,tt0351283,1
300,tt0479952,2
301,tt1277953,3
302,tt1915581,1
303,tt2268016,2
304,tt0097815,1
305,tt0110442,2
306,tt0120742,3
307,tt1587310,1
308,tt4777008,2
309,tt1114740,1
310,tt3450650,2
311,tt0795421,1
312,tt6911608,2
313,tt0770828,1
314,tt2975590,2
315,tt0093493,1
316,tt0102395,2
317,tt0058331,1
318,tt5028340,2
319,tt0290002,1
320,tt0970866,2
321,tt0119654,1
322,tt0120912,2
323,tt1409024,3
324,tt2283336,4
325,tt0198781,1
326,tt1453405,2
327,tt0113855,1
328,tt0119707,2
329,tt0118689,1
330,tt0453451,2
331,tt0259446,1
332,tt3760922,2
333,tt0082782,1
334,tt1179891,2
335,tt0095705,1
336,tt0102510,2
337,tt0110622,3
338,tt0396752,1
339,tt1415283,2
340,tt0085995,1
341,tt0089670,2
342,tt0097958,3
343,tt0120434,4
344,tt1524930,5
345,tt0368891,1
346,tt0465234,2
347,tt2004420,1
348,tt4438848,2
349,tt0477347,1
350,tt1078912,2
351,tt2692250,3
352,tt1670345,1
353,tt3110958,2
354,tt0240772,1
355,tt0349903,2
356,tt0496806,3
357,tt1204977,1
358,tt4361050,2
359,tt0089908,1
360,tt1623205,2
361,tt1663662,1
362,tt2557478,2
363,tt1109624,1
364,tt4468740,2
365,tt0814255,1
366,tt1854564,2
367,tt0098084,1
368,tt0105128,2
369,tt0046183,1
370,tt0280030,2
371,tt0077523,1
372,tt0080377,2
373,tt0325980,1
374,tt0383574,2
375,tt0449088,3
376,tt1298650,4
377,tt1790809,5
378,tt1981677,1
379,tt2848292,2
380,tt4765284,3
381,tt1691917,1
382,tt2980706,2
383,tt1318514,1
384,tt2103281,2
385,tt3450958,3
386,tt0063442,1
387,tt0065462,2
388,tt0067065,3
389,tt0068408,4
390,tt0069768,5
391,tt0084522,1
392,tt0086129,2
393,tt0089826,3
394,tt1446714,1
395,tt2316204,2
396,tt1245526,1
397,tt1821694,2
398,tt0083944,1
399,tt0089880,2
400,tt0095956,3
401,tt0462499,4
402,tt1206885,5
403,tt1408253,1
404,tt2869728,2
405,tt1436562,1
406,tt2357291,2
407,tt0382625,1
408,tt0808151,2
409,tt3062096,3
410,tt0093870,1
411,tt0100502,2
412,tt0107978,3
413,tt0088011,1
414,tt0089370,2
415,tt0134067,1
416,tt0337711,2
417,tt0120812,1
418,tt0266915,2
419,tt0293564,3
420,tt0076666,1
421,tt0086361,2
422,tt0257106,1
423,tt0306047,2
424,tt0362120,3
425,tt0795461,4
426,tt0267913,1
427,tt0331632,2
428,tt0117571,1
429,tt0120082,2
430,tt1262416,3
431,tt1000774,1
432,tt1261945,2
433,tt0988045,1
434,tt1515091,2
435,tt0091949,1
436,tt0096101,2
437,tt0126029,1
438,tt0298148,2
439,tt0413267,3
440,tt0892791,4
441,tt3397884,1
442,tt5052474,2
443,tt0384537,1
444,tt0938330,2
445,tt0401792,1
446,tt0458481,2
447,tt1922777,1
448,tt2752772,2
449,tt0105417,1
450,tt0108147,2
451,tt0111257,1
452,tt0120179,2
453,tt2250912,1
454,tt6320628,2
455,tt0145487,1
456,tt0316654,2
457,tt0413300,3
458,tt0345950,1
459,tt2279373,2
460,tt0227538,1
461,tt0287717,2
462,tt0338459,3
463,tt1517489,4
464,tt0796366,1
465,tt1408101,2
466,tt2660888,3
467,tt0111280,1
468,tt0117731,2
469,tt0120844,3
470,tt0253754,4
471,tt0462590,1
472,tt1023481,2
473,tt1193631,3
474,tt1800741,4
475,tt2626350,5
476,tt0111301,1
477,tt0891592,2
478,tt0084827,1
479,tt1104001,2
480,tt0936501,1
481,tt1397280,2
482,tt2446042,3
483,tt1637725,1
484,tt2637276,2
485,tt1291150,1
486,tt3949660,2
487,tt0100758,1
488,tt0103060,2
489,tt0108308,3
490,tt0324216,1
491,tt0420294,2
492,tt0948470,1
493,tt1872181,2
494,tt1985949,1
495,tt6095472,2
496,tt0368578,1
497,tt0422774,2
498,tt0848228,1
499,tt2395427,2
500,tt4154756,3
501,tt4154796,4
502,tt0168501,1
503,tt2083355,2
504,tt0080453,1
505,tt0102782,2
506,tt0080455,1
507,tt0118747,2
508,tt0258463,1
509,tt0372183,2
510,tt0440963,3
511,tt1194173,4
512,tt4196776,5
513,tt0112572,1
514,tt0118073,2
515,tt0363771,1
516,tt0499448,2
517,tt0980970,3
518,tt0296572,1
519,tt1411250,2
520,tt0844479,1
521,tt1748227,2
522,tt1457767,1
523,tt3065204,2
524,tt0455944,1
525,tt3766354,2
526,tt1320253,1
527,tt1764651,2
528,tt2333784,3
529,tt0106977,1
530,tt0120873,2
531,tt0093075,1
532,tt0099636,2
533,tt1568346,1
534,tt5177088,2
535,tt0087363,1
536,tt0099700,2
537,tt1119646,1
538,tt1411697,2
539,tt1951261,3
540,tt0091474,1
541,tt0102926,2
542,tt0212985,3
543,tt0289765,4
544,tt0367959,5
545,tt0454841,1
546,tt0800069,2
547,tt0903624,1
548,tt1170358,2
549,tt2310332,3
550,tt1735898,1
551,tt2381991,2
552,tt0317705,1
553,tt3606756,2
554,tt0099810,1
555,tt0105112,2
556,tt0109444,3
557,tt0071315,1
558,tt0100828,2
559,tt0073195,1
560,tt0077766,2
561,tt0085750,3
562,tt0093300,4
563,tt0061852,1
564,tt0283426,2
565,tt0104692,1
566,tt0116839,2
567,tt1490017,1
568,tt3513498,2
569,tt0120737,1
570,tt0167261,2
571,tt0167260,3
572,tt0110475,1
573,tt0362165,2
574,tt0133093,1
575,tt0234215,2
576,tt0242653,3
577,tt1790864,1
578,tt4046784,2
579,tt4500922,3
580,tt1132620,1
581,tt1216487,2
582,tt1343097,3
583,tt0120616,1
584,tt0209163,2
585,tt0859163,3
586,tt1821658,1
587,tt3486626,2
588,tt0075005,1
589,tt0077394,2
590,tt0082377,3
591,tt0383216,1
592,tt0838232,2
593,tt0247638,1
594,tt0368933,2
595,tt2184339,1
596,tt2975578,2
597,tt4094724,3
598,tt6133466,4
599,tt1899353,1
600,tt2265171,2
601,tt0076618,1
602,tt0100477,2
603,tt0298130,1
604,tt0377109,2
605,tt0498381,3
606,tt2709768,1
607,tt5113040,2
608,tt0403508,1
609,tt1018785,2
610,tt0472181,1
611,tt2017020,2
612,tt2398241,3
613,tt0482606,1
614,tt1285009,2
615,tt0084787,1
616,tt0905372,2
617,tt0293662,1
618,tt0388482,2
619,tt1129442,3
620,tt2938956,4
621,tt1099212,1
622,tt1259571,2
623,tt1325004,3
624,tt1324999,4
625,tt1673434,5
626,tt0458525,1
627,tt1430132,2
628,tt3315342,3
629,tt1596365,1
630,tt2339741,2
631,tt0410454,1
632,tt0457530,2
633,tt0460611,3
634,tt0120902,1
635,tt0443701,2
636,tt1621045,1
637,tt2239832,2
638,tt0800369,1
639,tt1981115,2
640,tt0146316,1
641,tt0325703,2
642,tt0114709,1
643,tt0120363,2
644,tt0435761,3
645,tt1979376,4
646,tt0117951,1
647,tt2763304,2
648,tt0418279,1
649,tt1055369,2
650,tt1399103,3
651,tt2109248,4
652,tt3371366,5
653,tt1809398,1
654,tt7339792,2
655,tt0105690,1
656,tt0114781,2
657,tt0320691,1
658,tt0401855,2
659,tt0834001,3
660,tt1496025,4
661,tt3717252,5
662,tt3713166,1
663,tt4761916,2
664,tt0094291,1
665,tt1027718,2
666,tt0098622,1
667,tt0108517,2
668,tt0105793,1
669,tt0108525,2
670,tt0080130,1
671,tt0455857,2
672,tt0906108,1
673,tt1391137,2
674,tt1772341,1
675,tt5848272,2
676,tt0096487,1
677,tt0100994,2
678,tt1156398,1
679,tt1560220,2
680,tt0196229,1
681,tt1608290,2
682,tt0120746,1
683,tt0386140,2
